Time (TU),X (LU),Y (LU),Z (LU),VX (LU/TU),VY (LU/TU),VZ (LU/TU)
0,0.8234359909297363,4.99338104320517e-28,0.031225372462213463,5.229464976694937e-16,0.14107313263186663,7.391557177472346e-15
0.003962486720920283,0.8234369324056058,0.0005589931265124718,0.031224322758393003,0.0004751897174393796,0.1410676147346937,-0.0005298178133636771
0.01226019988560286,0.8234450031436803,0.0017293689337397626,0.031215323859333958,0.0014700172771449833,0.14102031180680932,-0.001639136696676652
0.02055979220824175,0.823461330464348,0.002899416349773619,0.0311971167390291,0.002464297848714898,0.1409246105247213,-0.002748230450718578
0.02886132683227665,0.8234859116124408,0.004068742224647535,0.03116970019332507,0.003457516035119259,0.14078051446465126,-0.0038567848200528284
0.03716409441323941,0.8235187363001268,0.005236844603946435,0.031133079255209143,0.004449064408347354,0.1405880649728377,-0.004964382445989344
0.04546736744286732,0.8235597869855631,0.006403219654143445,0.0310872648919597,0.005438334789977555,0.14034733952697848,-0.006070604155217538
0.053770408028723904,0.823609038854614,0.007567363279003561,0.031032274039384206,0.006424720012176786,0.1400584518463307,-0.007175030433931947
0.06207245522369455,0.8236664597088674,0.00872876987418689,0.030968129746852074,0.007407613253994228,0.1397215525604927,-0.008277240184976362
0.07037274267786667,0.8237320100452709,0.009886935340833711,0.03089486111464715,0.008386410986606642,0.13933682876392134,-0.009376813522918487
0.0786704846429159,0.8238056429554408,0.011041355670203697,0.030812503439017803,0.009360512165707668,0.13890450463854304,-0.010473330364421909
0.08696489070359936,0.8238873042520377,0.012191529544363125,0.030721098109775222,0.010329320816777565,0.13842484075455916,-0.011566372828366006
0.09525516719978547,0.8239769325428294,0.013336959063143401,0.030620692572282008,0.01129224702392049,0.13789813368846202,-0.012655525857239489
0.1035405130474854,0.8240744592559538,0.014477149693825464,0.030511340350137455,0.012248707257655408,0.13732471593900406,-0.013740377097501632
0.11182012380024284,0.8241798087614965,0.015611611357729153,0.030393100965963798,0.013198125650987776,0.13670495528898607,-0.014820517858581284
0.1200931960225829,0.8242928985320829,0.01673985953989494,0.030266039823944744,0.014139935278483156,0.13603925394877942,-0.01589554409399747
0.12835893605176724,0.8244136394051346,0.017861416967124174,0.030130227983138174,0.015073579888174054,0.13532804711186236,-0.016965057925621016
0.13661655637817327,0.8245419357058722,0.018975813569433772,0.029985742091881405,0.015998514179474354,0.13457180234031904,-0.018028667533507604
0.14486527955597714,0.8246776854864367,0.020082587448989615,0.02983266419623569,0.01691420490457649,0.13377101827755905,-0.019085988005488764
0.15310434491364228,0.8248207808447954,0.02118128618597423,0.029671081462150427,0.01782013222184785,0.13292622289959877,-0.02013664251142038
0.16133300905421485,0.8249711081710311,0.02227146727018373,0.029501085982577543,0.018715790297990285,0.13203797220292707,-0.021180262645350265
0.16955054513139303,0.8251285483781968,0.023352698346047668,0.02932277460518185,0.01960068773637318,0.1311068489929556,-0.022216488589698536
0.1777562639557937,0.8252929775814702,0.024424560278885475,0.029136248254057286,0.02047435028146057,0.1301334590270961,-0.023244971988161466
0.1859494914574022,0.8254642669598425,0.0254866444338672,0.028941612178567118,0.02133631875708073,0.12911843199785483,-0.024265373276218683
0.19412958628825325,0.8256422833935023,0.026538555201615754,0.02873897532477281,0.02218615127369263,0.12806241793404244,-0.025277364042431413
0.2022959426892181,0.8258268898536987,0.027579910514534213,0.028528449986238855,0.023023423750524203,0.12696608506581866,-0.026280627472391346
0.21044797847182137,0.8260179454510792,0.02861034043763218,0.0283101518445497,0.023847728868399854,0.125830119722381,-0.027274856939367584
0.21858515722787183,0.8262153062673979,0.029629490076589028,0.02808419911535792,0.024658678463753282,0.12465522157819982,-0.028259758759471523
0.2267069728165676,0.8264188253326425,0.030637017640986794,0.027850712667895152,0.02545590200384028,0.12344210397579909,-0.029235050282476412
0.23481295745184083,0.826628353142592,0.03163259546899058,0.02760981552592539,0.02623904741401256,0.12219149103728594,-0.03020046084141203
0.24290267262200194,0.826843737746529,0.03261590888480362,0.02736163285978979,0.027007780165917306,0.12090411733743235,-0.031155730608567293
0.2509757243889566,0.8270648254647333,0.03358665801077235,0.027106291251606972,0.027761784665341353,0.11958072381510641,-0.03210061232152623
0.25903175118287486,0.8272914608852577,0.034544556176118964,0.026843918786638762,0.028500762945737307,0.1182220579851432,-0.03303486971160683
0.26707043062620556,0.8275234873550651,0.03548933061671905,0.026574644572270604,0.029224435137879364,0.11682887119330573,-0.033958278160324935
0.2750914707196434,0.8277607470254496,0.03642072128503455,0.026298598769598,0.02993253846290442,0.11540191853931256,-0.03487062351672514
0.28309461083536847,0.8280030811524073,0.03733848082550775,0.026015912328011988,0.030624827120332487,0.11394195727277791,-0.03577170205041516
0.2910796270250194,0.8282503305288663,0.03824237500244857,0.025726716561339007,0.031301072493785026,0.11244974438684786,-0.036661320855665876
0.2990463236303165,0.8285023354922391,0.03913218153665634,0.0254311432157228,0.0319610621439774,0.1109260367656969,-0.037539296696148
0.306994532482699,0.8287589361373772,0.04000768982548796,0.025129324296387624,0.03260459947219716,0.10937159009720294,-0.03840545571403965
0.3149241118865181,0.8290199725113637,0.040868700627281936,0.02482139191252963,0.03323150334997233,0.1077871578924503,-0.039259633105661385
0.32283494449285993,0.8292852847589643,0.04171502561918128,0.024507478177440634,0.03384160765215728,0.10617349080235806,-0.04010167267239283
0.3307269348017344,0.8295547132396152,0.042546486919728566,0.024187715140050622,0.03443476076583288,0.10453133610747954,-0.040931426335492446
0.3386000121998659,0.8298280988217858,0.04336291719031407,0.0238622345030198,0.0350108255093659,0.10286143612427638,-0.04174875422941126
0.3464541187473387,0.8301052826376929,0.04416415814907343,0.02353116798023943,0.03556967792800109,0.10116452990465655,-0.04255352320711542
0.3542892190301214,0.8303861065868438,0.04495006139112559,0.02319464676170998,0.036111207725671744,0.09944135036537292,-0.04334560765087138
0.3621052887256535,0.830670413085433,0.045720487017163094,0.02285280187520919,0.03663531715817074,0.09769262602788101,-0.04412488808616619
0.36990231802643375,0.8309580453248876,0.04647530379702645,0.02250576393909077,0.037141921006741095,0.09591907964619589,-0.04489125133392673
0.3776803089992446,0.8312488473072115,0.04721438871858858,0.022153663179821446,0.037630946125239755,0.09412142820207163,-0.045644590045119816
0.38543926932585465,0.8315426637289922,0.047937626223776814,0.021796629633214885,0.0381023307968135,0.09230038384496167,-0.04638480191044072
0.3931792222276935,0.8318393404670159,0.04864490897149048,0.021434792614159873,0.03855602509583103,0.09045665110910958,-0.04711179042950965
0.4009001919245846,0.8321387241321625,0.04933613631818556,0.021068281316374855,0.038991989761937296,0.08859092990472174,-0.04782546334547383
0.4086022097874004,0.8324406623960058,0.05001121475069703,0.02069722447350265,0.039410196359108245,0.08670391372842944,-0.04852573307358813
0.4162853108930696,0.8327450039476166,0.05067005743317697,0.020321750468697795,0.03981062686227497,0.08479629016972617,-0.04921251622235685
0.4239495336004846,0.8330515985597527,0.051312584040931086,0.01994198731018815,0.04019327343412791,0.08286874074244481,-0.04988573340840194
0.4315949211870618,0.8333602972345034,0.05193872076398881,0.01955806250641223,0.04055813830195734,0.08092194021607865,-0.05054530925122698
0.4392215157613268,0.8336709520333286,0.05254839967988955,0.019170103332168075,0.040905233268581934,0.07895655793859,-0.05119117170448642
0.44682935842408533,0.8339834161492496,0.053141558678026814,0.01877823679630366,0.04123457956705846,0.07697325764952057,-0.051823251960124224
0.45441849279876245,0.8342975441174849,0.05371814163461767,0.018382589433124184,0.04154620784781228,0.07497269641087034,-0.052441484624339695
0.4619889617664713,0.8346131917461446,0.054278098049213706,0.017983287442462678,0.04184015786226468,0.0729555253120104,-0.053045807323682935
0.46954080492487804,0.8349302160692338,0.054821382771647435,0.017580456804207355,0.04211647821604575,0.07092239004922177,-0.053636160400776615
0.4770740628369586,0.8352484755815629,0.055347956228054135,0.01717422303452262,0.04237522638243108,0.06887392970348259,-0.054212487151433286
0.4845887730875751,0.8355678301295086,0.05585778404782339,0.016764711376897463,0.04261646840533676,0.0668107777218196,-0.05477473341545101
0.49208497280209196,0.8358881410710463,0.05635083715799795,0.016352046649964747,0.0428402788416674,0.06473356117362364,-0.055322847676740484
0.4995626960855658,0.8362092712190373,0.056827091528796086,0.01593635337140533,0.04304674053582954,0.0626429014058292,-0.055856780782099096
0.5070219766053586,0.8365310850021456,0.05728652826328963,0.015517755600803854,0.04323594455408796,0.06053941328996031,-0.05637648604310192
0.5144628462862657,0.8368534484585116,0.05772913342818586,0.015096376996154341,0.043407989999274824,0.05842370555206016,-0.056881919053396575
0.5218853339760188,0.8371762292251201,0.058154897900182474,0.014672340876783012,0.043562983843137365,0.05629638113981402,-0.057373037520654056
0.529289467927795,0.837499296691423,0.05856381743704393,0.01424577006983423,0.04370104084410831,0.054158036509956986,-0.05784980135830373
0.5366752768731691,0.8378225220919082,0.05895589264449454,0.013816786832299652,0.0438222834108073,0.05200926130373232,-0.058312172667060395
0.5440427884546266,0.8381457784816586,0.05933112879836879,0.013385512926052822,0.043926841417344056,0.04985063879554043,-0.05876011554973501
0.5513920306891429,0.8384689408425524,0.05968953583237508,0.012952069518476893,0.04401485207312274,0.04768274547360395,-0.05919359612216073
0.5587230327251653,0.838791886157415,0.06003112827557094,0.012516577122097874,0.04408645976772174,0.04550615082320793,-0.05961258247161658
0.5660358221165904,0.8391144933288099,0.060355925029872956,0.012079155742267877,0.04414181588397569,0.043321418155228233,-0.06001704442058309
0.5733304312567218,0.8394366434998667,0.060663949560996806,0.011639924478878846,0.04418107868687815,0.04112910271261551,-0.06040695380513155
0.5806068940132854,0.8397582199415128,0.06095522962422245,0.011199001709540475,0.04420441310825885,0.03892975268898772,-0.06078228418832773
0.5878652458566777,0.8400791080911533,0.061229797163577335,0.010756505068180034,0.04421199057637066,0.03672390922865289,-0.06114301078460599
0.595105525519251,0.8403991956570165,0.061487688263196956,0.010312551330191603,0.04420398884138319,0.03451210596598238,-0.06148911045765945
0.6023277771206542,0.8407183727408574,0.06172894309276629,0.009867256266427149,0.044180591778594784,0.03229486841578981,-0.06182056172350098
0.6095320514840398,0.8410365319221064,0.06195360580134526,0.009420734544711302,0.04414198917119517,0.030072713606254978,-0.062137344697192426
0.6167183995230553,0.8413535679892309,0.06216172417382375,0.00897310012578886,0.04408837654578737,0.027846152175381687,-0.06243944070135071
0.6238868832947834,0.8416693784484554,0.06235334982946731,0.008524465564528938,0.04401995490561069,0.02561568502345256,-0.06272683264565049
0.6310375673627816,0.8419838631603717,0.06252853781348244,0.008074942533992486,0.043936930576742646,0.023381806053828336,-0.06299950454840504
0.6381705262079893,0.8422969246812769,0.06268734664492302,0.007624641350621108,0.04383951492805194,0.021144999948535866,-0.06325744172688615
0.6452858408540295,0.8426084681260079,0.06282983806273901,0.0071736711744677635,0.0437279241827803,0.01890574330329796,-0.06350063054480515
0.6523836016661944,0.8429184012990871,0.06295607692154909,0.006722139823180669,0.043602379158758246,0.01666450384527858,-0.0637290583950249
0.6594639076903464,0.8432266346705228,0.06306613100156266,0.006270153805440157,0.04346310504961606,0.014421740743214001,-0.06394271355041474
0.6665268698597981,0.8435330815166246,0.06316007087629051,0.0058178181094697655,0.043310331129966,0.012177903703733646,-0.0641415851301509
0.6735726044685002,0.8438376576347882,0.06323796964232355,0.0053652366163388435,0.04314429066585917,0.009933435168512798,-0.0643256627850433
0.6806012397091264,0.8441402816232146,0.06329990283953774,0.00491251168016347,0.04296522055921063,0.0076887683790655866,-0.06449493676640698
0.6876129162724385,0.8444408748970434,0.0633459482531458,0.004459744087592888,0.0427733610893092,0.005444327325059403,-0.06464939779268734
0.6946077867730626,0.8447393616505905,0.0633761857062865,0.004007033095662029,0.04256895568815329,0.003200527081228021,-0.06478903688858935
0.7015860110842022,0.8450356686438779,0.06339069685895893,0.003554476738578146,0.04235225085829081,0.0009577754766028645,-0.06491384516459103
0.7085477669188486,0.8453297256348495,0.0633895650528144,0.003102171148981497,0.04212349563155742,-0.0012835301206794375,-0.06502381388219959
0.7154936730640375,0.8456214830774323,0.06337287356267449,0.00265018300335362,0.041882926264833656,-0.003523139185777377,-0.06511893960473543
0.7224293858458898,0.8459111029099524,0.06334067412385559,0.002198249676121185,0.04163059111056465,-0.0057624336058732925,-0.06519926787678557
0.7293550555555429,0.8461985156975972,0.06329301487932339,0.001746465797034647,0.04136671840507925,-0.008001025904768973,-0.06526475101789805
0.7362708308969869,0.8464836537667205,0.06322994563753312,0.0012949259515327124,0.04109154027227208,-0.010238529692738309,-0.0653153408472954
0.7431768802590261,0.8467664520817868,0.0631515175999137,0.00084372330573466,0.04080529176119481,-0.012474566334208492,-0.06535098879761007
0.7500733743244911,0.8470468475181289,0.06305778337401714,0.00039295075585127245,0.040508211371714176,-0.014708759105199868,-0.06537164568272302
0.7569604963339511,0.8473247792750308,0.06294879675390527,-0.000057299725422212935,0.040200540495081975,-0.016940736283779245,-0.06537726168713938
0.7638384430690508,0.8476001888984612,0.06282461254356675,-0.0005069371348555877,0.039882523194349886,-0.019170131229116802,-0.06536778624761501
0.7707074474192852,0.8478730211534122,0.06268528590828791,-0.0009558728920796005,0.03955440493238225,-0.021396589441425463,-0.06534316782327519
0.7775677482657837,0.8481432227822185,0.06253087267247835,-0.0014040188442634785,0.03921643373808735,-0.023619758523621737,-0.06530335373154214
0.7844195743014296,0.8484107418620153,0.06236142966297169,-0.0018512861819602608,0.03886886093287157,-0.0258392826492459,-0.06524829025955996
0.7912631703688561,0.8486755288334713,0.062177014077737444,-0.0022975871317855896,0.03851193974716018,-0.028054810804008234,-0.06517792251378689
0.7980987953012331,0.8489375363860656,0.06197768336984021,-0.00274283478312967,0.03814592525689269,-0.030265995775207832,-0.06509219430924967
0.8049267167895422,0.8491967192337502,0.061763495260453063,-0.0031869427194194423,0.03777107450808945,-0.03247249216801206,-0.06499104813874317
0.811747216628094,0.8494530342886967,0.061534507463759464,-0.0036298253232517953,0.03738764609557484,-0.03467395776691352,-0.06487442502686847
0.8185605831974692,0.8497064403495632,0.06129077781699793,-0.00407139724929101,0.03699590044512115,-0.036870050761195226,-0.06474226457866478
0.8253671200386654,0.8499568983951138,0.06103236388503199,-0.004511573940228155,0.03659609919986023,-0.03906043215350329,-0.06459450476885881
0.8321671403011708,0.8502043713451044,0.06075932303892827,-0.004950271222943958,0.036188505400425515,-0.04124476359562733,-0.06443108197296053
0.8389609654838966,0.8504488239870798,0.06047171242533848,-0.005387405183236331,0.03577338344276772,-0.0434227066052542,-0.06425193096257587
0.8457489272575163,0.8506902230145269,0.060169588816078666,-0.005822892237501037,0.03535099885169442,-0.045593922761932554,-0.06405698483213657
0.8525313623438735,0.8509285368173094,0.059853008769905104,-0.006256648757243183,0.034921618485762806,-0.04775807167205879,-0.06384617513004834
0.8593086160474092,0.8511637355831706,0.05952202843328093,-0.006688591248996324,0.0344855102129376,-0.04991481169911894,-0.06361943176947706
0.866081031221479,0.851395790893884,0.05917670405805481,-0.007118635605265775,0.034042943521402885,-0.05206379605302497,-0.06337668343548435
0.8728489638177817,0.8516246762436996,0.058817091224577206,-0.007546698048916299,0.03359418841620078,-0.054204677332789476,-0.06311785711002109
0.8796127594752445,0.851850366224812,0.05844324606414971,-0.00797269360465561,0.033139516860079855,-0.05633709970792178,-0.06284287901202432
0.886372767321825,0.8520728369927687,0.058055224609675674,-0.008396536936571114,0.03267920178500665,-0.05846070291758774,-0.06255167423758609
0.8931293252346924,0.8522920657750492,0.05765308370248359,-0.008818141386817588,0.032213518000603784,-0.06057511726473466,-0.06224416754349844
0.899882764786412,0.8525080310461253,0.057236880855603633,-0.009237419261772923,0.03174274178397407,-0.06267996484551865,-0.06192028338890839
0.9066334029874992,0.8527207122765694,0.05680667491222078,-0.00965428129856716,0.03126715136639298,-0.06477485666323579,-0.06157994659816332
0.9133815339732964,0.8529300897047383,0.05636252681384146,-0.010068636148305346,0.03078702744339854,-0.06685938980639755,-0.06122308316095873
0.9201274307257429,0.8531361444376021,0.055904499781464195,-0.010480390493101392,0.030302652972535447,-0.06893314779964885,-0.06084962060160289
0.926871331992821,0.8533388581063969,0.05543266052604888,-0.010889448270893283,0.029814314014807643,-0.07099569645299175,-0.060459489211898955
0.9336134403037528,0.853538212887038,0.05494707980910277,-0.011295710604971958,0.029322299780107607,-0.07304658323883138,-0.06005262281121357
0.9403539112108786,0.853734191274698,0.054447833683241055,-0.011699075225288595,0.028826903290277515,-0.07508533409088722,-0.0596289601148035
0.9470928383974591,0.8539267757742839,0.05393500517831142,-0.01209943568404077,0.028328422340981062,-0.07711144913431348,-0.05918844655588465
0.9538302580102934,0.8541159491715097,0.053408684639458984,-0.012496681754637425,0.02782715902104975,-0.07912440437967061,-0.05873103502023891
0.9605661240905738,0.8543016940019904,0.05286897234711812,-0.012890698151969839,0.027323421333950975,-0.08112364490328315,-0.05825668860365556
0.9673003062889245,0.8544839926924519,0.05231597956658442,-0.013281364628778148,0.026817523136445035,-0.08310858496631711,-0.05776538210432346
0.9740325721784118,0.8546628273035891,0.05174983091724567,-0.013668555219907818,0.026309785176400338,-0.08507860379315486,-0.057257104747368406
0.9807625805543853,0.8548381796094172,0.05117066597291239,-0.014052138189082717,0.02580053525326059,-0.08703304489419834,-0.05673186232044376
0.9874898595168152,0.8550100308105758,0.05057864226759398,-0.014431975170407625,0.0252901094624018,-0.08897121126976953,-0.05618968066729254
0.9942138040022539,0.8551783617939538,0.04997393675547171,-0.014807921495017095,0.02477885189579503,-0.09089236663300249,-0.05563060788027535
1.000933662310049,0.8553431531288171,0.049356748281045144,-0.015179825955304318,0.024267115089196586,-0.0927957337652358,-0.05505471748805194
1.007648524965074,0.8555043851542564,0.048727299936870194,-0.01554753077950409,0.02375526020414735,-0.09468049394050566,-0.05446211163354179
1.0143573183107712,0.8556620382035596,0.04808584103796938,-0.01591087193967986,0.0232436567547768,-0.09654578806542566,-0.05385292397155605
1.021058803970838,0.8558160929725692,0.04743264853072191,-0.0162696798359506,0.022732681789906405,-0.09839071977708759,-0.053227322083853036
1.0277515748764474,0.8559665308023224,0.04676802868593059,-0.016623779842346708,0.022222719243772296,-0.10021435787258748,-0.05258551019967045
1.0344340627909283,0.8561133342104973,0.04609231759068221,-0.016972993504086917,0.021714158325461377,-0.10201574214457006,-0.05192773078183524
1.0411045539091164,0.8562564875562716,0.045405880643981794,-0.017317140156009984,0.02120739122573479,-0.10379389147545508,-0.05125426511156734
1.0477611996805765,0.856395977542522,0.04470911231184379,-0.0176560382686297,0.02070281114213001,-0.10554781062906805,-0.05056543406381598
1.054402043578064,0.8565317939899341,0.0440024339799209,-0.01798950757095574,0.020200809075047274,-0.1072765011722523,-0.04986159692503324
1.0610250477542047,0.8566639305103345,0.04328629146510725,-0.01831737107462316,0.019701770652362383,-0.10897897202847834,-0.04914314972817639
1.0676281300331083,0.8567923852811262,0.04256115104295877,-0.018639457494619264,0.019206072231637908,-0.11065425224011069,-0.0484105219321605
1.0742091960446298,0.8569171616024799,0.04182749559105164,-0.01895560327787917,0.018714077467128956,-0.11230140185362518,-0.04766417301077741
1.0807661802436546,0.8570382685074657,0.041085819358946694,-0.019265654897179,0.018226133344075954,-0.11391952433894185,-0.04690458743365558
1.0872970852874302,0.8571557212117905,0.04033662250219417,-0.019569470865892447,0.017742566510112363,-0.11550777771004275,-0.04613226915872329
1.0938000175191098,0.8572695413748391,0.03958040568963037,-0.01986692336837371,0.01726368009427187,-0.1170653837757589,-0.045347735958337326
1.1002732161191233,0.8573797571496282,0.03881766514330433,-0.02015789940857029,0.01678975120376937,-0.1185916349815923,-0.04455151397075159
1.1067150914597927,0.8574864033017877,0.038048886339163354,-0.020442302183984715,0.016321027968512695,-0.12008590252574931,-0.04374413064195975
1.113124231127303,0.8575895207145103,0.03727454134712707,-0.020720050843698205,0.015857729166554778,-0.12154763605820959,-0.0429261112869498
1.11949943153818,0.8576891562818603,0.03649508304137768,-0.0209910812499694,0.015400042181407465,-0.1229763686771894,-0.04209797222691869
1.1258396953252732,0.8577853622181562,0.035710943380334606,-0.021255345126179385,0.014948123625321308,-0.12437171344633552,-0.041260218093384295
1.132144234124168,0.8578781954709233,0.03492253112620795,-0.021512809392310095,0.014502099705389519,-0.1257333608620206,-0.04041333849117043
1.1384124722849092,0.8579677171593107,0.03413022952452249,-0.02176345548238106,0.014062066651152068,-0.12706107618659676,-0.03955780456636153
1.1446440359605423,0.8580539918250517,0.03333439593601532,-0.022007278039423903,0.01362809227182071,-0.12835469343213576,-0.038694067651996275
1.1508387412298795,0.8581370867216095,0.03253536178466273,-0.02224428359645871,0.013200217630563792,-0.1296141091900771,-0.037822558281952266
1.1569965845833046,0.8582170711862547,0.031733432388419365,-0.022474489377360768,0.012778458587578635,-0.13083927701672288,-0.03694368510980207
1.1631177138418807,0.8582940158159924,0.030928889540856312,-0.02269792141697947,0.012362808688138218,-0.13203019810916938,-0.036057836894383834
1.1692024328493518,0.8583679921399554,0.030121989891665847,-0.02291461400250001,0.011953239725098434,-0.13318691892794857,-0.03516537994148479
1.1752511710105276,0.8584390718930148,0.02931296809735635,-0.023124607867991358,0.011549704680479628,-0.13430952210139663,-0.03426666084188009
1.181264469279704,0.8585073265642791,0.028502038026126365,-0.023327949087754526,0.01115213949183985,-0.13539812096770693,-0.03336200715808914
1.1872429644876716,0.8585728269763073,0.027689394344662027,-0.023524687981414008,0.010760464883324111,-0.13645285410847527,-0.032451728602883166
1.1931873835405038,0.8586356430169978,0.026875212902735778,-0.02371487840814322,0.01037458750146921,-0.13747388190357826,-0.03153611693356981
1.1990985189404322,0.8586958432101404,0.0260596537887275,-0.023898576515224996,0.009994402218625534,-0.13846138010066228,-0.030615448903057865
1.2049772313538776,0.8587534946122468,0.025242860801333332,-0.024075840421089335,0.009619792621178024,-0.13941553834646572,-0.029689985244268743
1.210824413680962,0.8588086623560408,0.02442496634383208,-0.02424672877484757,0.009250633910293625,-0.14033655262952485,-0.028759975839163066
1.2166410113065929,0.8588614097798261,0.02360608861031022,-0.024411301078994505,0.008886792160182276,-0.1412246271698589,-0.02782565621323819
1.2224279970517367,0.8589117981317687,0.0227863351206563,-0.024569616681308512,0.008528126421684903,-0.14207996911413345,-0.026887251260085357
1.2281863697808193,0.8589598865266518,0.021965803024748373,-0.024721734522389394,0.008174489272296621,-0.14290278726921768,-0.025944975345034774
1.2339171459242502,0.8590057318537043,0.02114458044473695,-0.024867712715981132,0.007825727769457152,-0.14369328990985164,-0.024999033625459445
1.2396213494276493,0.8590493886932843,0.02032274809565644,-0.02500760814196729,0.007481684448819336,-0.1444516826304945,-0.024049623732461403
1.2453000180657534,0.8590909093730915,0.019500378582221485,-0.025141476477551696,0.007142197295522084,-0.14517816855421165,-0.02309693479830364
1.2509541891383695,0.8591303438725366,0.018677538680102114,-0.025269371739008676,0.0068071009319241454,-0.1458729458755417,-0.022141149950167707
1.2565849121956085,0.8591677399319048,0.017854287719428808,-0.025391346481252335,0.006476226160278939,-0.14653620896104988,-0.02118244430875359
1.2621932243474345,0.8592031429066859,0.017030681425657335,-0.0255074511710183,0.006149401695964092,-0.14716814495094996,-0.02022098934403713
1.267780165694602,0.859236595904276,0.01620676992586264,-0.025617734478518835,0.005826453502000707,-0.1477689353432282,-0.01925695046667662
1.2733467750014893,0.8592681397814543,0.015382598626712306,-0.025722243122177114,0.0055072052799862835,-0.14833875514503458,-0.018290487962657302
1.2788940745972408,0.8592978130940118,0.014558210710825715,-0.025821021555215425,0.00519147954386598,-0.14887777115318954,-0.01732175985059416
1.2844230872548978,0.8593256522301932,0.013733644900822635,-0.02591411226644368,0.004879096841470259,-0.14938614357971441,-0.016350919200687493
1.2899348350216602,0.8593516914289832,0.012908935871645802,-0.026001555708726483,0.004569876014401925,-0.14986402564760445,-0.015378114552482508
1.2954303176163326,0.859375962712794,0.01208411773687108,-0.026083389943141067,0.004263635576159763,-0.1503115616276829,-0.014403493978070704
1.3009105364154634,0.8593984960392224,0.011259220716602432,-0.026159651024938196,0.00396019251600664,-0.15072888892736686,-0.013427201112645174
1.3063764797534814,0.8594193192661912,0.01043427358500091,-0.02623037277073375,0.0036593632669571848,-0.1511161367977354,-0.012449378004457515
1.3118291394817332,0.8594384582476311,0.00960930141460459,-0.026295586973524677,0.0033609629290140683,-0.15147342748963832,-0.011470162406797794
1.317269478415865,0.8594559367477826,0.00878433073690073,-0.026355323008278236,0.0030648071801923156,-0.15180087407194356,-0.010489693870122767
1.3226984724907513,0.8594717766190065,0.007959383399175972,-0.02640960834233894,0.0027707100888822674,-0.15209858320675138,-0.009508106422832225
1.3281170801933349,0.8594859977234999,0.00713448142055907,-0.02645846818054832,0.0024784858988979776,-0.15236665318426226,-0.00852553431119542
1.333526251857523,0.8594986179947587,0.006309645814024007,-0.02650192559389046,0.0021879486264400083,-0.1526051746073224,-0.00754211058033619
1.3389269275137117,0.8595096534595958,0.005484897137589559,-0.026540001521070937,0.001898912277166392,-0.15281423038056913,-0.006557967710886836
1.3443200485007403,0.8595191182846957,0.004660253938275693,-0.026572714862187326,0.0016111903239986061,-0.15299389620616172,-0.005573235741730843
1.3497065516774474,0.8595270247787701,0.0038357338454584155,-0.026600082426560846,0.0013245961162955868,-0.1531442402798329,-0.004588043552704841
1.3550873605520304,0.8595333834002384,0.0030113551410665958,-0.026622118906198637,0.0010389434427257973,-0.15326532312812854,-0.003602520723928645
1.3604633972950069,0.859538202794515,0.0021871351297449676,-0.026638836958876443,0.0007540459807584916,-0.15335719804896386,-0.0026167955722341658
1.3658355817173182,0.8595414898032967,0.0013630904981817176,-0.02665024720138618,0.0004697174406265349,-0.15341991105984057,-0.0016309955627624613
1.371204828873333,0.8595432494740858,0.0005392378848253584,-0.02665635821035246,0.00018577177889504888,-0.1534535008886113,-0.0006452479739989499
1.376572051800863,0.8595434850720248,-0.0002844063399015188,-0.026657176537864806,-0.00009797686142951046,-0.1534579990467326,0.0003403203810178072
1.3819381581300592,0.8595421980881442,-0.0011078253545363814,-0.026652706721395747,-0.0003817138870844646,-0.15343342987219155,0.0013255823101614476
1.3873048722709589,0.859539387702594,-0.0019311277967445756,-0.026642949408613375,-0.0006656676930800558,-0.15337980021270453,0.0023105608778027607
1.3926732509949693,0.8595350510352772,-0.0027543196720456143,-0.02662790222824809,-0.0009500311883054271,-0.1532971042085831,0.003295156420624382
1.3980442049010995,0.8595291834486579,-0.003577384174067938,-0.02660756085045945,-0.0012349892844455,-0.1531853291198341,0.004279242072265875
1.4034186401583557,0.8595217785375412,-0.004400303240601599,-0.02658191896645018,-0.0015207263021404715,-0.15304445521353044,0.005262689575240077
1.4087974735871835,0.8595128281043182,-0.005223059665619998,-0.026550968224431388,-0.001807426685000613,-0.15287445541243877,0.006245371822677412
1.4141816240344744,0.8595023221567194,-0.006045635575781543,-0.02651469825036477,-0.0020952744554782565,-0.15267529541055114,0.00722716105306345
1.4195720084345285,0.8594902489079961,-0.006868011628375775,-0.026473096683504994,-0.0023844529130091045,-0.1524469338705933,0.008207927911827484
1.424969544914845,0.8594765947639187,-0.007690167286520345,-0.02642614917278754,-0.002675144703849377,-0.1521893224070967,0.00918754180171619
1.4303751662326154,0.8594613442725882,-0.008512082658991489,-0.02637383925232954,-0.00296753245018396,-0.15190240490721302,0.010165873094157939
1.4357898058102065,0.8594444801387833,-0.009333736160282219,-0.026316148445933593,-0.0032617979030913056,-0.15158611810919537,0.011142790359499888
1.4412144035162837,0.8594259831913865,-0.010155105179352055,-0.026253056216806746,-0.0035581221516921497,-0.1512403913319562,0.012118161186534257
1.4466499000834852,0.8594058323832185,-0.010976165020526892,-0.026184540034783085,-0.0038566852106715305,-0.15086514684922353,0.013091850949380588
1.4520972495404856,0.8593840047248396,-0.011796890565339127,-0.02611057522544166,-0.0041576665896858244,-0.15046029906924901,0.014063724805474812
1.4575574079633076,0.8593604753003796,-0.0126172543486138,-0.026031135105469297,-0.004461244560667243,-0.1500257552829319,0.015033645440397671
1.4630313408313564,0.8593352172139243,-0.01343722744225471,-0.025946190888648975,-0.004767596439833076,-0.14956141515570565,0.016001474146015732
1.4685200171548092,0.8593082015884828,-0.014256778344058836,-0.025855711776408444,-0.00507689813022245,-0.1490671712290659,0.016967069540832144
1.4740244189067766,0.8592793974922872,-0.01507587415389049,-0.025759664810921748,-0.0053893245140570365,-0.14854290812390777,0.017930288993014777
1.4795455338902235,0.8592487719408618,-0.01589447926509658,-0.025658014989669204,-0.005705048908935674,-0.14798850317236298,0.018890987115212567
1.4850843455697682,0.8592162899297608,-0.016712553627338412,-0.02555072548457135,-0.006024242321040128,-0.14740382761544918,0.019849013777657725
1.4906418604576166,0.8591819142477908,-0.017530056556448174,-0.02543775714124975,-0.006347074849307468,-0.1467887438752791,0.020804218624936914
1.4962190786745677,0.8591456056156068,-0.018346942135235543,-0.0253190690608864,-0.0066737138135119535,-0.14614310872665462,0.021756445742639935
1.5018170141531655,0.859107322533333,-0.019163161944069133,-0.025194618226639414,-0.007004324730178436,-0.14546677125934257,0.02270553691472378
1.5074366795144913,0.8590670213470356,-0.019978662594446802,-0.02506435985371348,-0.007339070221845678,-0.14475957477648624,0.02365132881672596
1.5130790874885105,0.8590246562179883,-0.02079338570537018,-0.024928247421921512,-0.007678109865022589,-0.14402135695771162,0.024593653077978773
1.5187452659208602,0.8589801789801674,-0.02160726981965716,-0.02478623235651407,-0.00802160085447508,-0.14325194811292488,0.025532338582831025
1.5244362212022675,0.8589335393983131,-0.022420244900472192,-0.02463826499323035,-0.008369695532338933,-0.14245117638984456,0.026467205216684952
1.5301529722108596,0.8588846848876894,-0.02323223698895145,-0.024484293819931217,-0.008722543152397177,-0.14161886363107193,0.027398069361064304
1.5358965217718974,0.8588335607304783,-0.024043163900995146,-0.024324266301417125,-0.00908028783102028,-0.1407548297970698,0.028324739071515954
1.5416678661794954,0.8587801099947464,-0.024852936394584878,-0.02415812875322819,-0.009443068787753615,-0.1398588922262966,0.029247015575700322
1.5474679856911293,0.8587242736213047,-0.025661456648123502,-0.023985826739393198,-0.009811019387971185,-0.13893086771362706,0.03016469170533199
1.5532978370914603,0.8586659905125584,-0.026468617082113944,-0.023807305460985206,-0.010184266267756198,-0.13797057451574388,0.031077550758935552
1.5591583601650205,0.8586051974941442,-0.027274301138144826,-0.02362250974264055,-0.010562929317542116,-0.13697783217337575,0.03198536760390329
1.5650504508270557,0.8585418296303778,-0.028078379496779562,-0.02343138508224612,-0.010947119487688447,-0.13595246702480457,0.03288790465824047
1.5709749773456434,0.8584758201175501,-0.028880712287487183,-0.023233877391468868,-0.011336939330565413,-0.1348943106542613,0.033784914667816315
1.576932745020385,0.8584071007496045,-0.029681144317865338,-0.023029934436500386,-0.011732480148511144,-0.13380320743030416,0.03467613568021513
1.5829244997605187,0.858335602002005,-0.03047950571671649,-0.022819506083824125,-0.012133821621168803,-0.13267901558720516,0.035561292154080416
1.5889509237658574,0.8582612532144814,-0.031275611545962645,-0.022602544812046394,-0.012541030900856542,-0.13152160969955423,0.036440094931929956
1.5950126112444356,0.8581839830517516,-0.03206925887253839,-0.022379006988110805,-0.012954160321577268,-0.13033088718758795,0.03731223845611611
1.6011100587433196,0.8581037198392807,-0.03286022593876235,-0.022148853707519078,-0.013373246032550258,-0.12910677242983257,0.03817740038183417
1.6072436450320502,0.8580203920797538,-0.03364827011595638,-0.021912052084633954,-0.01379830587924729,-0.12784922320796596,0.039035239916787305
1.6134136284041054,0.8579339287867612,-0.034433128269399496,-0.021668575941244408,-0.014229338454035787,-0.1265582338845806,0.03988539885556422
1.619620121360749,0.8578442601722889,-0.03521451437360947,-0.021418407416684524,-0.014666320564993576,-0.12523384340621793,0.04072749967235958
1.6258630749362786,0.8577513182711084,-0.035992118590899506,-0.021161538288789816,-0.015109205345545844,-0.12387614168381636,0.04156114528477135
1.6321422691671215,0.857655037529208,-0.03676560730833845,-0.02089797109196752,-0.015557920805784182,-0.12248527482275706,0.04238591989836609
1.6384573073620952,0.8575553553757932,-0.03753462379848024,-0.02062772009344667,-0.016012368693773593,-0.12106144953752868,0.043201390540490124
1.6448075844127958,0.8574522132573855,-0.03829878591095589,-0.020350813411716268,-0.016472421531734793,-0.1196049435102772,0.04400710547924337
1.6511923000708035,0.8573455570170393,-0.03905768944528514,-0.020067293240292033,-0.016937922946585904,-0.11811610569299724,0.044802598695704084
1.6576104478471885,0.8572353376800201,-0.03981090865996871,-0.019777217081302863,-0.017408686356258543,-0.11659536188655971,0.04558739128732276
1.6640608128178038,0.8571215121287878,-0.04055799799966656,-0.019480658577847317,-0.017884494411425512,-0.11504321816127104,0.04636099413723114
1.6705419935169246,0.8570040433576905,-0.041298496667773375,-0.019177707176585825,-0.018365100363266072,-0.11346025813666394,0.04712291346141951
1.6770524066631523,0.85688290100112,-0.042031931154657136,-0.018868468465641986,-0.01885022834794823,-0.1118471438148601,0.047872654113761334
1.6835903058357689,0.85675806158748,-0.04275781932923207,-0.018553063766662638,-0.01933957488092662,-0.110204612537973,0.04860972438726636
1.6901538182215072,0.8566295083859304,-0.04347567636928261,-0.018231628706022723,-0.019832811904537045,-0.1085334686926614,0.049333642506549674
1.6967409671385898,0.8564972314352032,-0.04418501884853744,-0.01790431229464379,-0.02032958897514301,-0.10683457816123375,0.05004394103682268
1.703349710951775,0.8563612271611791,-0.0448853703432119,-0.01757127504167741,-0.020829536865055287,-0.10510885785741485,0.05074017262059511
1.709977981797899,0.856221497875288,-0.045576266625738146,-0.017232686882512713,-0.0213322713249457,-0.10335726444206221,0.05142191505548258
1.7166237212473545,0.8560780512128141,-0.046257260130900126,-0.01688872508365342,-0.02183739675615349,-0.10158078306966686,0.052088775415683256
1.7232849154178003,0.8559308994622693,-0.0469279239611307,-0.016539572018600755,-0.022344509947090647,-0.09978041562071092,0.05274039350336475
1.7299596308725034,0.8557800587548738,-0.04758785554928084,-0.016185412758790135,-0.0228532039392408,-0.09795716813700049,0.05337644475945142
1.7366460402960389,0.8556255483669706,-0.048236678894030424,-0.01582643308372682,-0.02336307114567887,-0.09611204056898322,0.05399664161174575
1.7433424492333833,0.8554673899018378,-0.04887404655020086,-0.015462817351269491,-0.023873706543787794,-0.0942460159385597,0.054600734449061564
1.7500473077354022,0.855305606741459,-0.04949963985918975,-0.015094747126147572,-0.02438470967853019,-0.09236005351675519,0.055188510813612035
1.7567592265322323,0.855140223334812,-0.050113169388289205,-0.014722399544204144,-0.02489568694646527,-0.09045508073986587,0.05575979473535568
1.763476979816019,0.8549712647633523,-0.05071437393140352,-0.014345946409785789,-0.025406252775535203,-0.08853198896300683,0.05631444468198573
1.770199509139976,0.8547987562575201,-0.05130301950800185,-0.013965553259249886,-0.025916030794125768,-0.08659162909520016,0.05685235151731514
1.7769259175177479,0.8546227229508159,-0.05187889742522875,-0.013581379015159333,-0.026424654153495215,-0.08463481029078015,0.05737343562763736
1.7836554639393143,0.8544431896332674,-0.05244182238668177,-0.01319357567691073,-0.02693176578143882,-0.08266229884430222,0.05787764415350192
1.790387555068513,0.8542601805934456,-0.05299163038783182,-0.012802288233874666,-0.027437018324454065,-0.08067481822754113,0.058364948098321656
1.7971217324655382,0.8540737196070035,-0.05352817631340123,-0.012407654906374058,-0.02794007366351866,-0.07867305078807355,0.05883533925773926
1.8038576634920755,0.8538838298568948,-0.05405133193169269,-0.012009807242402679,-0.028440602625881307,-0.07665763870146053,0.05928882759374291
1.810595126545988,0.8536905340441415,-0.05456098354276284,-0.011608870613037689,-0.028938284202279133,-0.0746291869273781,0.059725438398349866
1.8173339959443229,0.853493854553254,-0.055057029753107695,-0.011204964800076489,-0.02943280468593813,-0.07258826660305324,0.060145209674428934
1.8240742333145246,0.8532938134686534,-0.05553937987227572,-0.010798204256210005,-0.02992385724581165,-0.07053541675346378,0.060548190142658664
1.8308158812018507,0.85309043255053,-0.056007952549443504,-0.01038869827617243,-0.030411141611974286,-0.06847114553380627,0.06093443752075276
1.8375590449584385,0.8528837335935195,-0.056462673696444046,-0.009976551924149812,-0.030894362877423216,-0.06639593526125473,0.061304016290571924
1.844303880204687,0.8526737386654363,-0.056903474983332474,-0.009561866677844234,-0.031373230700553846,-0.06431024598075127,0.06165699603962747
1.851050597888226,0.8524604698237416,-0.05733029357811664,-0.0091447400240422,-0.03184745973818,-0.06221451373585821,0.061993450863250796
1.857799441293744,0.8522439497265126,-0.05774307013109554,-0.008725266806115338,-0.03231676806977078,-0.060109157632175864,0.062313457415272694
1.8645506828686966,0.8520242016611113,-0.058141748194712954,-0.008303539387437948,-0.03278087704019316,-0.05799458091696976,0.06261709418167426
1.8713046228415593,0.8518012495239909,-0.058526273782471994,-0.007879647716523972,-0.033239511207481864,-0.05587117155536672,0.0629044408907117
1.8780615792699953,0.8515751180950997,-0.05889659448429571,-0.007453679943906279,-0.03369239769818676,-0.05373930555817322,0.06317557762517399
1.8848218837501056,0.85134583314801,-0.0592526590016495,-0.007025722702747994,-0.03413926596302034,-0.051599348606196485,0.06343058430009509
1.8915858759550006,0.851113421613566,-0.05959441668143769,-0.006595861475195023,-0.0345798474617929,-0.049451658090490326,0.06366954017540674
1.898353902991997,0.8508779115905195,-0.05992181735048036,-0.006164180662075267,-0.035013875671598464,-0.047296583658804875,0.06389252361186303
1.905126310714166,0.8506393326440641,-0.06023481079797244,-0.005730764171636153,-0.03544108558309576,-0.04513447034474251,0.06409961161065213
1.911903454203862,0.8503977154398867,-0.06053334719766081,-0.005295694787957047,-0.03586121442067676,-0.04296565559941479,0.06429088000473966
1.9186856809221684,0.8501530923440689,-0.06081737628204449,-0.004859055290614907,-0.03627400063665734,-0.040790475054175844,0.06446640283643906
1.925473325944445,0.8499054976221575,-0.061086847206566874,-0.00442092881201479,-0.0366791837283277,-0.03860926446414027,0.0646262522508717
1.9322667310928001,0.849654966763218,-0.06134170935106284,-0.0039813976495978575,-0.037076505471971236,-0.03642235395852025,0.06477049894209796
1.9390662230988662,0.8494015372931816,-0.06158191147177887,-0.003540544719609629,-0.037465708694642996,-0.03423007544181122,0.06489921161254196
1.9458721191269572,0.849145248603922,-0.06180740202074598,-0.0030984532488013334,-0.037846537721267885,-0.03203276121361181,0.06501245716468855
1.9526847296112764,0.848886141871232,-0.06201812931668477,-0.0026552066345322998,-0.038218738636680794,-0.02983074342898416,0.06511030078638592
1.9595043554813547,0.8486242601823261,-0.06221404152740675,-0.00221088866734199,-0.038582059230559865,-0.027624355359014124,0.06519280594134487
1.9663312850079953,0.848359648683531,-0.06239508668315213,-0.0017655837780681557,-0.03893624894658993,-0.025413932769074773,0.06526003439917315
1.9731657935857263,0.8480923546182294,-0.06256121280380375,-0.001319377092166288,-0.039281059006921325,-0.023199814336989033,0.06531204633138935
1.980008144918438,0.8478224273081988,-0.06271236806232564,-0.0008723543896551151,-0.03961624260997576,-0.020982341602107792,0.06534890042015984
1.9868585925940379,0.8475499181155106,-0.06284850094344548,-0.000424602036693707,-0.03994155513958426,-0.018761858773517114,0.06537065395572496
1.993717377284854,0.8472748805760316,-0.06296956031252264,0.000023792799450968877,-0.04025675416529699,-0.016538713942834044,0.06537736291722743
2.0005847290638963,0.8469973703291739,-0.06307549559835691,0.0004727422721740995,-0.04056159969503917,-0.014313258625709773,0.0653690820820987
2.0074608812082513,0.8467174445723464,-0.06316625708716225,0.0009221587304366069,-0.04085585489182217,-0.012085843570791158,0.06534586505714765
2.0143460592680142,0.8464351625078678,-0.06324179579119955,0.001371953977471086,-0.041139285659638175,-0.009856822579200522,0.06530776429824317
2.021240452494644,0.8461505865388463,-0.06330206333182511,0.0018220373810778226,-0.04141165965395497,-0.007626562009419176,0.0652548314303116
2.0281442408563017,0.8458637811921068,-0.06334701250779891,0.0022723176207956036,-0.041672747641078194,-0.005395432258468415,0.06518711733080391
2.035057591226819,0.8455748132867246,-0.06337659740731105,0.002722702422809637,-0.0419223235052511,-0.00316380921677415,0.06510467226883915
2.0419806602241293,0.8452837518258711,-0.06339077357968631,0.003173098731404387,-0.04216016452112778,-0.0009320735586891252,0.06500754599499921
2.0489135950003714,0.8449906679690876,-0.0633894981740531,0.003623412748495257,-0.04238605153504466,0.0012993893145812983,0.06489578783284057
2.055857018296799,0.8446956143718407,-0.06337272836000515,0.004073581340418711,-0.04259978360736471,0.0035303447934869783,0.06476943745019129
2.0628164849712833,0.8443984339529944,-0.06334039037823491,0.0045238597069761485,-0.04280129864435584,0.005762134970782913,0.06462842509442135
2.069792166162151,0.8440991987656034,-0.06329240701180952,0.004974152369971573,-0.0429903573997336,0.00799436320598421,0.06447276193253487
2.0767842288875316,0.8437979832022623,-0.0632287026987676,0.005424362874418375,-0.04316672368724134,0.010226626813446948,0.06430245900033095
2.083792829550946,0.8434948642857607,-0.06314920371870172,0.00587439336004568,-0.04333016438273096,0.012458514797324037,0.06411752744344906
2.0908181090593714,0.8431899218940455,-0.06305383844514674,0.006324144244715716,-0.04348044953720749,0.014689606139308177,0.06391797879284469
2.097860201162664,0.842883238409715,-0.06294253744197774,0.006773514758886282,-0.04361735279617132,0.01691947230739822,0.06370382488584235
2.104919219262066,0.8425748993012134,-0.06281523386270793,0.007222402105567792,-0.04374065137123773,0.019147672945821058,0.0634750784081235
2.111995274356637,0.842264992344964,-0.06267186336260432,0.007670702610263724,-0.04385012662434278,0.021373761440065878,0.06323175249345139
2.1190884666817498,0.8419536079881595,-0.06251236439371975,0.008118311191158929,-0.04394556411378604,0.023597282149231333,0.06297386109453162
2.1261988832127914,0.8416408394558725,-0.062336678461935524,0.008565121211568057,-0.0440267538055039,0.02581776953381675,0.06270141922490659
2.1333266054595117,0.8413267824020302,-0.062144750130269696,0.009011024981657248,-0.044093490405016596,0.028034750511528414,0.06241444280759234
2.1404717046760746,0.8410115351094579,-0.06193652730056059,0.009455913467678743,-0.04414557351787776,0.03024774287852386,0.062112948978132194
2.1476342399487143,0.8406951985614318,-0.06171196146673505,0.00989967618970436,-0.044182807884642926,0.03245625466684911,0.06179695631581661
2.1548142716162015,0.8403778758321352,-0.06147100746296973,0.010342202068265144,-0.0442050036746188,0.03465978822846032,0.06146648437832551
2.1620118452689887,0.8400596727732341,-0.06121362411994988,0.010783378448040119,-0.04421197661450857,0.03685783525070169,0.0611215545233201
2.1692270021923994,0.8397406975296261,-0.06093977410058825,0.011223091763062777,-0.04420354826406751,0.03904987994377878,0.060762189572302845
2.176459782774084,0.8394210603626765,-0.06064942388899956,0.011661227757341797,-0.044179546191254464,0.04123540002436696,0.0603884137285573
2.1837102127377976,0.8391008742298106,-0.06034254448138889,0.012097670668598997,-0.044139804217217124,0.04341386252987682,0.060000253395210444
2.190978322920085,0.8387802538790646,-0.06001911072834809,0.012532304445108437,-0.044084162548726026,0.04558472977856451,0.05959773626000251
2.1982641345940244,0.8384593164634241,-0.059679102064966655,0.012965011877879622,-0.04401246803041559,0.04774745493486875,0.0591808921665047
2.2055676673170956,0.8381381811576875,-0.05932250230828592,0.013395675093631184,-0.04392457429454751,0.049901484369884196,0.0587497527991903
2.2128889373543412,0.8378169691892651,-0.058949299843944106,0.013824175480005745,-0.04382034195318405,0.05204625719376414,0.05830435186694382
2.2202279603567416,0.8374958036797903,-0.05855948760303935,0.014250393862336053,-0.043699638737216044,0.05418120605177541,0.057844725035938134
2.2275847501463866,0.837174809656017,-0.058153063224290286,0.014674210450865295,-0.04356233967741797,0.0563057567782399,0.0573709100905922
2.2349593187934764,0.8368541140016388,-0.0577300291566729,0.015095504865889968,-0.043408327273707414,0.058419328445607,0.05688294702352695
2.2423516774278722,0.8365338453752178,-0.05729039271687502,0.015514156205254452,-0.04323749164603952,0.06052133363226311,0.05638087807663814
2.249761837857902,0.8362141340920589,-0.05683416608617793,0.015930043155609468,-0.043049730653465595,0.06261117891762083,0.05586474771919038
2.25718981182266,0.83589511210743,-0.0563613664404357,0.016343043968607123,-0.0428449500596721,0.0646882647063188,0.05533460278261986
2.264635614599802,0.8355769128115007,-0.05587201579898354,0.016753036678900317,-0.042623063574070384,0.06675198627556847,0.05479049228364347
2.2720992585011532,0.8352596712561989,-0.0553661415250915,0.017159898762562974,-0.04238399317994255,0.06880173201412472,0.05423246797787408
2.279580759375093,0.8349435238231818,-0.05484377598536109,0.017563507515966154,-0.04212766908965785,0.07083688529308185,0.053660583976516345
2.2870801327696078,0.8346286083325883,-0.05430495688298196,0.01796373986461233,-0.041854030001792907,0.07285682347511811,0.05307489711612858
2.2945973974785856,0.8343150638372553,-0.05374972708516806,0.018360472573455692,-0.041563023115555986,0.07486091895434181,0.05247546677411367
2.302132573346722,0.8340030306583736,-0.05317813484930563,0.01875358214748228,-0.04125460433932388,0.07684853864201634,0.05186235512339517
2.3096856839592252,0.8336926502158528,-0.05259023369062252,0.019142944991188432,-0.040928738312268585,0.0788190447674211,0.05123562700151299
2.317256749944874,0.8333840652435286,-0.05198608297648332,0.019528437083651293,-0.040585398826325794,0.08077179323542895,0.050595350557265904
2.3248457948401984,0.8330774194836348,-0.05136574756014446,0.01990993430751912,-0.04022456872541371,0.0827061352992442,0.04994159687084939
2.332452845534193,0.832772857607791,-0.05072929780439356,0.02028731248919367,-0.039846240002405435,0.08462141778349824,0.049274439999500694
2.3400779276473505,0.8324705253376702,-0.05007681003861572,0.020660447191584403,-0.03945041415856836,0.08651698205850306,0.04859395747690344
2.3477210652449645,0.8321705693838941,-0.04940836668503136,0.02102921373419884,-0.039037102383620396,0.08839216417260486,0.04790023045974438
2.3553822860733415,0.8318731371686255,-0.04872405588848905,0.021393487476524677,-0.03860632542181286,0.09024629633357484,0.047193343363569076
2.3630616126253594,0.8315783771005406,-0.04802397239203759,0.021753143421736898,-0.03815811421169145,0.09207870494163434,0.046473384791397704
2.3707590669904888,0.8312864383042015,-0.04730821721544171,0.02210805649069769,-0.03769250979024703,0.09388871203864532,0.0457404472192767
2.3784746688652993,0.830997470614571,-0.046576897933048596,0.022458101468761104,-0.03720956356829364,0.09567563510231353,0.04499462730470168
2.386208435289365,0.8307116245000737,-0.0458301288030172,0.022803153039273463,-0.03670933751508315,0.09743878729006177,0.044236026041278576
2.3939603789850366,0.8304290510327067,-0.045068031035318416,0.02314308575931781,-0.03619190443771851,0.09917747739645631,0.043464749054425766
2.401730503296648,0.8301499019713608,-0.04429073341713442,0.023477773899882676,-0.03565734851467013,0.10089100912361836,0.04268090725473248
2.409518808408659,0.8298743294293086,-0.04349837182890757,0.02380709178468666,-0.03510576507573292,0.10257868291182698,0.041884616369371915
2.4173252823685054,0.8296024860833152,-0.0426910902764732,0.02413091347765889,-0.034537261422461024,0.1042397944456678,0.04107599800372814
2.425149907442475,0.8293345248278662,-0.04186904038409039,0.02444911313367465,-0.033951956587111455,0.10587363656643224,0.040255179152479746
2.432992652906773,0.8290705988997569,-0.04103238227642187,0.024761564786192538,-0.03334998206248227,0.10747949830775794,0.039422293105005446
2.4408534789594905,0.8288108616086052,-0.04018128431044437,0.025068142602669655,-0.03273148172108953,0.10905666634093338,0.038577479199010355
2.448732324799737,0.8285554665854216,-0.03931592451324382,0.025368720526099744,-0.03209661296926883,0.11060442327345164,0.037720884269095305
2.4566291210175724,0.8283045672161862,-0.03843648939489197,0.025663172877263662,-0.03144554599623645,0.11212205089935925,0.03685266148831366
2.46454377851477,0.8280583168406469,-0.03754317530350169,0.025951374052007398,-0.0307784648699067,0.11360882880434986,0.03597297173270002
2.4724761872252214,0.8278168686072216,-0.03663618874100752,0.026233198623975947,-0.03009556788671535,0.11506403506479429,0.03508198390964541
2.480426221712273,0.8275803751143422,-0.03571574587463035,0.02650852169353096,-0.029397067305687002,0.11648694823053195,0.0341798744989478
2.488393735843768,0.8273489883829654,-0.03478207327369505,0.026777218846912452,-0.02868318999172692,0.11787684730802307,0.03326682830127433
2.4963785539902394,0.8271228598984265,-0.033835409091032914,0.027039166035640515,-0.027954178413715936,0.11923301133662839,0.03234303961395961
2.504380483392688,0.8269021400314747,-0.03287600174551099,0.027294240174035395,-0.027210289720680632,0.12055472269152172,0.03140871096544257
2.5123992981828476,0.8266869782583185,-0.031904111941113845,0.027542318808084883,-0.02645179737286203,0.1218412655911439,0.030464055108836534
2.5204347536244596,0.8264775225264939,-0.030920011069901346,0.027783280770521133,-0.025678989968651107,0.1230919297231764,0.02950929349138159
2.528486574148362,0.8262739193332268,-0.029923982743440575,0.02801700601045539,-0.024892172486751185,0.12430600960353325,0.02854465777156275
2.5365544578222865,0.826076313346777,-0.028916322328137876,0.02824337594868819,-0.024091665963940554,0.12548280667000755,0.02757038939522153
2.5446380658939693,0.8258848473914602,-0.027897338314421337,0.02846227341384521,-0.02327780861082526,0.12662162920748918,0.02658674094813463
2.5527370416852655,0.8256996617176667,-0.026867349982345044,0.02867358339508618,-0.02245095396251501,0.12772179652848673,0.025593973932180714
2.560850994677677,0.8255208941137118,-0.025826689399022006,0.028877192829357648,-0.02161147245736764,0.12878263814179827,0.02459236073037108
2.5689795019694297,0.8253486795743141,-0.02477570123848669,0.029072990895984793,-0.020759751275868696,0.1298034955642426,0.023582184465601765
2.5771221138827745,0.8251831498903028,-0.023714742019984338,0.029260869398901126,-0.019896193681142354,0.1307837245972037,0.022563738305348035
2.585278354011032,0.8250244333707676,-0.022644180017088476,0.029440722996837882,-0.01902121887397077,0.13172269681692048,0.021537325416424793
2.5934477165220056,0.8248726546141376,-0.021564395503372344,0.029612449378087085,-0.018135262104735664,0.13261980077823485,0.02050325924356213
2.6016296686216758,0.824727934175426,-0.020475780295720288,0.0297759495532182,-0.017238774192206652,0.1334744438357516,0.019461863115847675
2.6098236520834313,0.824590388262075,-0.01937873738162584,0.029931128115597647,-0.016332221085309875,0.13428605379799277,0.018413469937015373
2.618029088686599,0.8244601283790195,-0.018273679983262348,0.03007789355985102,-0.015416082933310716,0.13505408088404883,0.017358421340781045
2.6262453751279144,0.8243372611585398,-0.01716103199986665,0.03021615839327077,-0.014490854272598368,0.13577799859433334,0.016297068165245773
2.63447188254344,0.8242218881026049,-0.016041227817860524,0.03034583934820752,-0.013557043675910678,0.1364573051039328,0.015229770322426908
2.6427079733093795,0.824114105108095,-0.014914709726744581,0.030466857840351337,-0.012615171377733991,0.13709152593851817,0.014156894389262795
2.6509529889463668,0.8240140024290988,-0.01378192922659259,0.030579139938157494,-0.011665770117789465,0.13768021408193243,0.013078814911132903
2.6592062539604697,0.8239216644059436,-0.012643346156273457,0.030682616598082642,-0.010709384154716062,0.1382229514651557,0.011995913626874351
2.6674670880619162,0.8238371691408678,-0.011499426624256941,0.03077722396273094,-0.009746567247462092,0.13871935077449038,0.010908577558322311
2.6757347900321404,0.8237605885007141,-0.010350644831313378,0.030862903296571025,-0.008777883889629917,0.13916905534519666,0.009817200801554645
2.684008658374404,0.8236919877470008,-0.009197479786484594,0.030939601343354658,-0.007803906232635906,0.1395717412523858,0.00872218146333136
2.692287987427591,0.823631425462648,-0.008040415389805365,0.031007270355848722,-0.0068252138219920214,0.13992711766647756,0.0076239217998747034
2.7005720591790086,0.8235789534907774,-0.006879941118016122,0.03106586811734909,-0.005842393838433598,0.14023492714687957,0.006522828925410848
2.708860162929402,0.8235346166996841,-0.005716548800577687,0.031115358162529822,-0.004856038018799221,0.14049494696362708,0.0054193118101472275
2.717151580901114,0.8234984530060194,-0.004550734148181176,0.031155709715211127,-0.003866743588705036,0.14070698891217512,0.004313782788368221
2.725445596929931,0.8234704932568871,-0.003382995043991194,0.031186897789286374,-0.0028751114477011857,0.14087089996414476,0.0032066559937977794
2.7337414974755596,0.8234507611887247,-0.00221383090266438,0.031208903209553933,-0.0018817452514673313,0.14098656247567035,0.0020983468079232752
2.7420385727525236,0.8234392734030458,-0.0010437420099202,0.031221712619502243,-0.000887250473545645,0.14105389430488893,0.0009892712891268714
2.749437497236886,0.8234359909392852,-2.9958370853511163e-12,0.031225372461723726,2.5382650733866974e-11,0.14107313262108423,-2.8822536805167553e-12